{"cameraMode":{"drawMode":0,"name":"Shaded","section":"Shading Mode"},"sceneLighting":false,"audioPlay":false,"sceneViewState":{"showFog":true,"showMaterialUpdate":false,"showSkybox":true,"showFlares":true,"showImageEffects":true,"showParticleSystems":true},"in2DMode":false,"pivot":{"x":-0.00013947486877441406,"y":1.7421696186065674,"z":0.01004001498222351},"rotation":{"x":-0.19493332505226136,"y":0.3327813148498535,"z":-0.07051568478345871,"w":-0.9199375510215759},"size":10.201471328735352,"orthographic":false}