{"cameraMode":{"drawMode":0,"name":"Shaded","section":"Shading Mode"},"sceneLighting":false,"audioPlay":false,"sceneViewState":{"showFog":true,"showMaterialUpdate":false,"showSkybox":true,"showFlares":true,"showImageEffects":true,"showParticleSystems":true},"in2DMode":false,"pivot":{"x":-0.00013947486877441406,"y":1.7421696186065674,"z":0.01004001498222351},"rotation":{"x":-0.18919771909713746,"y":0.27338606119155886,"z":-0.05493713170289993,"w":-0.9415127038955689},"size":10.201471328735352,"orthographic":false}